"Coefficient","Estimate","R_Squared"
"(Intercept)",37.2272701164472,0.826785451882791
"wt",-3.87783074240468,0.826785451882791
"hp",-0.031772946982161,0.826785451882791
